variant,row_count,d4_row_count,median_abs_seed_minus_prime,median_abs_seed_minus_winner,median_witness_target_gain,p90_abs_seed_minus_winner,max_abs_seed_minus_winner,coverage_le_4096,coverage_le_65536,coverage_le_1048576,median_prime_minus_winner_d4,median_composite_threat_minus_winner_d4
lpp_seed,15733,12563,135316091911.000,135316091883.000,14.000,24187476039182.000,310077855320556.000,0.033433,0.066866,0.083837,24.000,1711617598.000
cipolla_log5_repacked,15733,12563,19567745.000,19567714.000,10.000,320150490.000,4881344327.000,0.033560,0.083709,0.117524,24.000,1711617598.000
r_inverse_seed,15733,12563,6434302.000,6434273.000,-2.000,87481715.000,930384525.000,0.067311,0.101379,0.199962,24.000,1711617598.000
