n,log10_n,repacked_ppm,li_inverse_ppm,winner
10000000000000000,16.0,0.0008106978220139279,0.001948272197603382,repacked
100000000000000000,17.0,0.0012186781776911378,0.00046464023759053405,li_inverse_seed
1000000000000000000,18.0,0.0008837410596012776,0.00017375841229671848,li_inverse_seed
