family,variant,max_rel_ppm,mean_rel_ppm,median_rel_ppm
boundary_window,repacked,97.41325949987176,89.950691522668,83.19085511057472
boundary_window,li_inverse_seed,97.41220189730679,89.94932347672035,83.18917165206219
dense_local_window,repacked,97.41325949987176,88.65655398913144,88.15879114400857
dense_local_window,li_inverse_seed,97.41220189730679,88.65510371704549,88.15734292846938
off_lattice_decimal,repacked,111.08796834076225,100.21565732033127,99.2357336415287
off_lattice_decimal,li_inverse_seed,111.08727303784109,100.21465584288057,99.23473164234645
