run,label,variant,mean_rel_ppm,median_rel_ppm,max_rel_ppm
stage_c_run_03,exact boundary around 10^17,lpp_seed,83.18271639102367,83.1827163910189,83.18271639115085
stage_c_run_03,exact boundary around 10^17,cipolla_log5_repacked,0.0012186781867336164,0.0012186781872484084,0.0012186783525891445
stage_c_run_03,exact boundary around 10^17,r_inverse_seed,4.9882831330215816e-05,4.9882836003652706e-05,4.988294973513877e-05
stage_c_run_03,exact boundary around 10^17,li_inverse_seed,0.0004646402340750133,0.0004646402292279277,0.0004646403611182189
stage_c_run_12,exact boundary around 10^18,lpp_seed,97.40288742598518,97.40288742598332,97.40288742600937
stage_c_run_12,exact boundary around 10^18,cipolla_log5_repacked,0.0008837410455511368,0.0008837410456231059,0.0008837411482654096
stage_c_run_12,exact boundary around 10^18,r_inverse_seed,1.5944477333440368e-05,1.5944475472622217e-05,1.5944501529020172e-05
stage_c_run_12,exact boundary around 10^18,li_inverse_seed,0.00017375841375633818,0.00017375841188958726,0.00017375843794598537
