run_index,anchor_n,row_count,mean_z5d_rel_ppm_exact,max_z5d_rel_ppm_exact,median_abs_diff,anchor_z5d_minus_exact,anchor_z5d_rel_ppm_exact
3,100000000000000000,1281,83.11778062490112,83.18271639114965,348144338548490,0,0.0
12,1000000000000000000,1281,97.32685082377814,97.40288742600825,4306356027144496,0,0.0
