run,label,row_count,mean_z5d_rel_ppm_exact,median_z5d_rel_ppm_exact,max_z5d_rel_ppm_exact,median_abs_diff
stage_c_run_07,exact window at 5*10^17,1025,93.11713258070435,93.11713258070505,93.11713258075274,2025393183002570
stage_c_run_11,exact window at 9*10^17,1025,96.75076761663638,96.75076761663598,96.75076761665325,3840379824827370
