run,label,variant,mean_rel_ppm,median_rel_ppm,max_rel_ppm
stage_c_run_07,exact window at 5*10^17,lpp_seed,93.1171325807061,93.11713258070684,93.11713258075541
stage_c_run_07,exact window at 5*10^17,cipolla_log5_repacked,0.0009229030320275221,0.0009229030334500952,0.0009229031643864465
stage_c_run_07,exact window at 5*10^17,r_inverse_seed,6.475995994394323e-05,6.475996066644352e-05,6.476000926185206e-05
stage_c_run_07,exact window at 5*10^17,li_inverse_seed,0.00028995667024743455,0.00028995667097002467,0.0002899567195654333
stage_c_run_11,exact window at 9*10^17,lpp_seed,96.75076761663746,96.750767616637,96.75076761665399
stage_c_run_11,exact window at 9*10^17,cipolla_log5_repacked,0.0009785993018188186,0.0009785993061910486,0.0009785994122536654
stage_c_run_11,exact window at 9*10^17,r_inverse_seed,6.557591171305318e-05,6.557591218886944e-05,6.557592566713539e-05
stage_c_run_11,exact window at 9*10^17,li_inverse_seed,0.00010100007645941552,0.0001010000759742102,0.00010100009297949902
