variant,valid_count,max_rel_ppm,mean_rel_ppm,median_rel_ppm,rms_rel_ppm,max_abs_error,median_abs_error
lpp_seed,18,413793.1034482759,23457.82020855894,0.6213957111037994,97547.65469532937,704933823,59466
legacy_lpp_seed,18,413793.1034482759,26929.77335236686,99.57582018653166,98603.40673732966,4306356027144565,7854660
cipolla_log5_repacked_seed,18,413793.1034482759,31915.50900920784,4.017248598053039,102699.4371073209,39071774349,367301
li_inverse_seed,18,310344.8275862069,24014.08814504043,4.25440466172749,76725.1628598191,7682170476,388341
