config,dataset,max_rel_ppm,mean_rel_ppm,median_rel_ppm
claude_truncated_k,published_exact_grid_ge_1e4,553.8103104202274,69.90450340241047,7.26527819223145
claude_truncated_k,reproducible_exact_baseline,1433.2021969354482,192.21586333584585,108.33165555294302
claude_truncated_k,reproducible_exact_stage_a,11.28678813277473,9.027469386969269,8.001814057200452
claude_truncated_k,reproducible_exact_stage_b,5.8926070361809435,4.93075125983923,4.495299119780723
li_inverse_seed,published_exact_grid_ge_1e4,4382.740215222145,290.04774528902516,0.017580660463412785
li_inverse_seed,reproducible_exact_baseline,5271.714557820512,693.572981052953,24.685057005350323
li_inverse_seed,reproducible_exact_stage_a,0.08932814868000499,0.04108403329755319,0.02116578740696154
li_inverse_seed,reproducible_exact_stage_b,0.010552676381827312,0.00470550625775374,0.0026842304539686354
