n,exact_p_n,z5d_label,z5d_minus_exact,lpp_seed,lpp_seed_minus_exact,lpp_seed_rel_ppm_exact,lpp_refined_predictor,lpp_refined_minus_exact,lpp_refined_rel_ppm_exact,li_inverse_seed,li_inverse_minus_exact,li_inverse_rel_ppm_exact
100000000000000000,4185296581467695669,4185296581467695669,0,4184948437129147106,-348144338548563,83.18271639102721,4185296581467695669,0,0.0,4185296579523038471,-1944657198,0.00046464023759053405
1000000000000000000,44211790234832169331,44211790234832169331,0,44207483878805024766,-4306356027144565,97.40288742598375,44211790234832169331,0,0.0,44211790227149998855,-7682170476,0.00017375841229671848
