split,test_dataset,model,mean_ppm,median_ppm,max_ppm,rms_ppm
baseline_to_stage_a,stage_a,base_li_inverse,0.04108403329755319,0.02116578740696154,0.08932814868000499,0.04840719901748771
baseline_to_stage_a,stage_a,classical_inverse_frame,528.7969076545161,538.509089643885,561.2905991243233,529.0031007415898
baseline_to_stage_a,stage_a,lorentz_inverse_frame,179.63559371214268,187.74236950439095,222.29652788898724,180.17407960409182
baseline_stage_a_to_stage_b,stage_b,base_li_inverse,0.00470550625775374,0.0026842304539686354,0.010552676381827312,0.005644201250988299
baseline_stage_a_to_stage_b,stage_b,classical_inverse_frame,173.70175628886878,180.48443122419476,199.88517549686998,174.02985153514783
baseline_stage_a_to_stage_b,stage_b,lorentz_inverse_frame,19.51486608637677,20.36628497409884,23.782595863995937,19.567737680046175
