dataset,c,kappa_star,max_rel_ppm,mean_rel_ppm
published_exact_grid_ge_1e4,-0.00030000000000000035,0.065,408.552991477323,196.874796279607
reproducible_exact_all,0.0006,0.08,904.1678289391418,310.3896126036984
