cutoff,test_count,base_mean_ppm,classical_mean_ppm,lorentz_mean_ppm,base_max_ppm,classical_max_ppm,lorentz_max_ppm
100000000,10,0.923782975016,910.327778611044,1001.577785772613,5.967696317245,982.337026521013,1669.738627265233
1000000000,9,0.363348159213,767.897112143894,650.903193230560,2.541113006210,816.082589912054,1020.637806310473
10000000000,8,0.091127553338,663.021059589379,437.440686559768,0.494511355307,696.645363691210,645.974746284778
100000000000,7,0.033501295914,584.076300492321,304.424298994292,0.160206463180,607.883161486977,423.781952709829
1000000000000,6,0.012383768037,522.871927210427,218.306618974282,0.048933072134,539.528050669155,286.817663184254
